Title,Counts
Owner,1994557
Student,1258307
Director,610768
President,609685
Manager,506418
Teacher,430131
Retired,416271
Project Manager,393630
CEO,317574
owner,276464
Software Engineer,261541
Managing Director,245152
Consultant,241825
General Manager,239865
Partner,232863
Vice President,227741
Administrative Assistant,220524
Office Manager,209219
retired,197806
Account Manager,196854
Realtor,186481
Operations Manager,170284
Registered Nurse,165862
Assistant Manager,163591
Principal,161681
Associate,160394
RN,157423
Attorney,155524
teacher,153224
Sales,151332
Sales Manager,151267
Accountant,144812
Engineer,137019
Account Executive,137011
Executive Director,134305
manager,130850
Executive Assistant,126680
Senior Software Engineer,116346
Supervisor,113091
Business Owner,107604
Professor,106113
Assistant Professor,105064
Hospital & Health Care Professional,102478
Business Development Manager,102361
Software Developer,101404
Founder,100268
Sales Representative,97483
Retail Professional,94612
Business Analyst,92356
Store Manager,88817
Sales Associate,88309
Branch Manager,86587
Senior Consultant,82375
Program Manager,80705
Administrator,80442
Analyst,80241
Project Engineer,79379
Controller,75766
Graphic Designer,75483
student,74169
Customer Service Representative,73051
sales,71918
Senior Manager,70923
Paralegal,69763
Marketing Manager,68056
Information Technology and Services Professional,65392
Managing Partner,62419
Senior Project Manager,60656
president,59832
Intern,59829
Designer,59736
Associate Professor,59618
Secretary,59391
Construction Professional,59276
Photographer,57793
Business Manager,55783
Financial Advisor,54562
Proprietor,53998
Senior Associate,53448
Legal Assistant,52920
Customer Service,52441
CFO,52163
Accounting Professional,52132
VP,51559
Pastor,51498
Real Estate Agent,51085
Artist,51033
Educator,50906
Financial Analyst,50737
Education Management Professional,50680
Receptionist,50363
MD,50174
director,50014
Instructor,49960
Team Lead,49939
Regional Sales Manager,49713
Director of Operations,49324
Project Coordinator,47518
Team Leader,47405
Self Employed,47027
Production Manager,46093
Senior Vice President,45813
Lecturer,45578
Product Manager,45379
Mechanical Engineer,45263
Sales Executive,45112
Property Manager,45077
Senior Engineer,44028
Financial Services Professional,43591
Architect,43517
Pharmacist,43101
Physician,43024
Finance Manager,42831
Looking,42777
HR Manager,42763
Associate Director,41823
Design Engineer,41447
Recruiter,41314
Technician,41032
Senior Accountant,40851
Agent,40745
Business Development,40514
Cashier,40494
Territory Manager,40182
Executive,39983
Sales Consultant,39619
Superintendent,39422
Systems Engineer,39365
Entrepreneur,39188
District Manager,38815
System Engineer,38480
Special Education Teacher,38187
Network Engineer,37726
Staff Accountant,37308
Food & Beverages Professional,37114
Regional Manager,36821
Bookkeeper,36755
Physical Therapist,36468
Electrical Engineer,36463
Accounting Manager,36385
engineer,36337
Marketing,36196
Deputy Manager,36124
Research Assistant,35867
Buyer,35722
IT Manager,35559
Service Manager,35348
Electrician,35310
Web Developer,34720
Creative Director,34696
Server,34599
Social Worker,34115
Area Manager,33817
Driver,33693
Human Resources Manager,33433
Broker,33357
Chief Operating Officer,33100
Nurse,33034
Banking Professional,32852
Senior Analyst,32516
Research Associate,32413
Office Administrator,32184
Automotive Professional,31776
supervisor,31718
Computer Software Professional,31705
Restaurants Professional,31491
System Administrator,31392
Chief Financial Officer,31351
Consumer Services Professional,31018
ceo,30907
HR,30833
Area Sales Manager,30713
Hospitality Professional,30427
OWNER,30304
Senior Account Manager,30234
Technical Lead,30230
Dentist,30062
Chief Executive Officer,29902
Co-Founder,29834
Interior Designer,29832
Health,29724
Writer,29684
Producer,29602
Medical Assistant,29328
Owner/Operator,29260
Graduate Student,29136
Engineering Manager,28666
Real Estate Broker,28663
self employed,28652
Marketing Director,28627
Telecommunications Professional,28547
consultant,28477
Human Resources,28447
Independent Consultant,28338
Insurance Agent,28187
Senior Account Executive,27567
Director of Sales,27545
Police Officer,27506
Case Manager,27374
Human Resources Professional,27337
